{
	"id":"StepTrackingGraphWidgetWidget",
	"title":"Step Tracking Graph Widget",
	"category":"CustomWidgets",
	"description":"StepTrackingGraph ",
	"definition":"StepTrackingGraph.json",
	"preview":"images/comment_preview.png",
	"icon":"images/comment_icon.png",
	"runtimeClassName":"steptrackinggraph.stgwidget.StepTrackingGraph",
	"help":"",
	"previewThumbnail":"images/comment_thumb.png",
	"properties":[],
	"events":[
	
		{
			"id": "custom.steptrackinggraphwidgetsendworkitemevent",
			"title": "receiveEventSendWorkItem",
			"functionName": "receiveEventSendWorkItem",
			"direction": "subscribed",
			"description": "workItemAdded"
		},
		
			{
			"id": "custom.steptrackinggraphwidgetsendcaseinformation",
			"title": "receiveEventSendCaseInformation",
			"functionName": "receiveEventSendCaseInformation",
			"direction": "subscribed",
			"description": "caseInformationAdded"
		}
	]
}
