{
	"Name":"IBM Case Manager Custom Widget Package",
	"Description":"IBM Case Manager Custom Widget Package",
	"Locale":"",
	"Version":"1.0",
	"Categories":[
		{
			"id":"CustomWidgets",
			"title":"Custom Widgets"
		}
	],
	"Widgets":[
		{
			"id":"StepTrackingReportWidget",
			"title":"Step Tracking Report Widget",
			"category":"CustomWidgets",
			"description":"Table Data Grid To Track Every Step in Workflow",
			"definition":"StepTrackingReportWidget.json",
			"preview":"images/comment_preview.png",
			"icon":"images/comment_icon.png",
			"runtimeClassName":"steptrackingreport.pgwidget.StepTrackingReportWidget",
			"help":"",
			"previewThumbnail":"images/comment_thumb.png"
		}
	]
}
