{
	"id":"StepTrackingReportWidget",
	"title":"Step Tracking Report Widget",
	"category":"CustomWidgets",
	"description":"Table Data Grid To Track Every Step in Workflow",
	"definition":"StepTrackingReportWidget.json",
	"preview":"images/comment_preview.png",
	"icon":"images/comment_icon.png",
	"runtimeClassName":"steptrackingreport.pgwidget.StepTrackingReportWidget",
	"help":"",
	"previewThumbnail":"images/comment_thumb.png",
	"properties":[],
	"events":[
	
	
	
		{
			"id": "custom.steptrackinggraphwidgetsendworkitemevent",
			"title": "receiveEventSendWorkItem",
			"functionName": "receiveEventSendWorkItem",
			"direction": "subscribed",
			"description": "workItemAdded"
		},
		
			{
			"id": "custom.steptrackinggraphwidgetsendcaseinformation",
			"title": "receiveEventSendCaseInformation",
			"functionName": "receiveEventSendCaseInformation",
			"direction": "subscribed",
			"description": "caseInformationAdded"
		}
	]
}
