<?xml version="1.0" encoding="UTF-8"?><FileNetExportCatalog version="1">
	<DeploymentTreeLocation/>
	<SourceEnvironment/>
	<ExportOperationFile>DeploymentOperation_Export.xml</ExportOperationFile>
	<ExportManifestFile>manifest.xml</ExportManifestFile>
	<ExportLogFile/>
	<ConvertOperationFile/>
	<SourcePrimaryObjectStoreName>CMDESOS</SourcePrimaryObjectStoreName>
	<ExportStartTime>2018-12-25 12:55:26 AST</ExportStartTime>
	<DatasetFiles>
		<DatasetFile>deployDataSet1.xml</DatasetFile>
	</DatasetFiles>
	<ObjectListFile>ObjectList.xml</ObjectListFile>
	<NumberOfObjectsExported>49</NumberOfObjectsExported>
	<ExportEndTime>2018-12-25 12:55:28 AST</ExportEndTime>
		<DestinationEnvironment/>
	<DestinationPrimaryObjectStoreName>CMDESOS</DestinationPrimaryObjectStoreName>
</FileNetExportCatalog>