<?xml version="1.0" encoding="UTF-8"?><HalfMap type="Principal" version="1">
	<List>
		<Item label="">
			<SID>S-1-5-21-4049584878-1870637382-533003011-1104</SID>
			<ShortName>fntadmin</ShortName>
			<DisplayName>fntadmin</DisplayName>
			<PrincipalType>0</PrincipalType>
			<Name>fntadmin@test.sa</Name>
		</Item>
		<Item label="">
			<SID>S-1-5-21-4049584878-1870637382-533003011-1107</SID>
			<ShortName>p8admins</ShortName>
			<DisplayName>P8admins</DisplayName>
			<PrincipalType>1</PrincipalType>
			<Name>P8admins@test.sa</Name>
		</Item>
		<Item label="">
			<SID>S-1-5-21-4049584878-1870637382-533003011-1105</SID>
			<ShortName>wasadmin</ShortName>
			<DisplayName>wasadmin</DisplayName>
			<PrincipalType>0</PrincipalType>
			<Name>wasadmin@test.sa</Name>
		</Item>
	</List>
</HalfMap>