<?xml version="1.0" encoding="UTF-8"?>
<ExportObjectList version="1">
	<Object>
		<Name>Tracking Hiring Process</Name>
		<ClassName>CmAcmSolutionFolder</ClassName>
		<Id>{B9BE22F7-5AB5-CAF6-85CA-679C5FF00000}</Id>
		<ObjectStoreId>{CE073DB4-F6A1-4AC4-A377-39A4CD2E8AA3}</ObjectStoreId>
	</Object>
	<Object>
		<Name>nls</Name>
		<ClassName>Folder</ClassName>
		<Id>{4449D22D-0292-C236-8793-679C79200000}</Id>
		<ObjectStoreId>{CE073DB4-F6A1-4AC4-A377-39A4CD2E8AA3}</ObjectStoreId>
	</Object>
	<Object>
		<Name>Pages</Name>
		<ClassName>Folder</ClassName>
		<Id>{D46ED7E5-3BA5-C206-BA66-679C5FF00000}</Id>
		<ObjectStoreId>{CE073DB4-F6A1-4AC4-A377-39A4CD2E8AA3}</ObjectStoreId>
	</Object>
	<Object>
		<Name>Views</Name>
		<ClassName>Folder</ClassName>
		<Id>{8559EC5C-1144-CD8E-86AF-679C6DF00000}</Id>
		<ObjectStoreId>{CE073DB4-F6A1-4AC4-A377-39A4CD2E8AA3}</ObjectStoreId>
	</Object>
	<Object>
		<Name>Resources.js</Name>
		<ClassName>Document</ClassName>
		<Id>{A8E417BF-51B4-C94A-B7A1-67E4BFF00001}</Id>
		<ObjectStoreId>{CE073DB4-F6A1-4AC4-A377-39A4CD2E8AA3}</ObjectStoreId>
	</Object>
	<Object>
		<Name>PE Configuration</Name>
		<ClassName>Document</ClassName>
		<Id>{AAB30C06-5243-C030-8283-679C5FF00001}</Id>
		<ObjectStoreId>{CE073DB4-F6A1-4AC4-A377-39A4CD2E8AA3}</ObjectStoreId>
	</Object>
	<Object>
		<Name>Resources.js</Name>
		<ClassName>DynamicReferentialContainmentRelationship</ClassName>
		<Id>{94B704F7-F796-CD2E-8D74-679C79200000}</Id>
		<ObjectStoreId>{CE073DB4-F6A1-4AC4-A377-39A4CD2E8AA3}</ObjectStoreId>
	</Object>
	<Object>
		<Name>CmAcmCASE_DEFAULT_PAGE</Name>
		<ClassName>CmAcmPage</ClassName>
		<Id>{429232ED-015A-CD86-82E0-679C5FF00001}</Id>
		<ObjectStoreId>{CE073DB4-F6A1-4AC4-A377-39A4CD2E8AA3}</ObjectStoreId>
	</Object>
	<Object>
		<Name>PE Configuration</Name>
		<ClassName>DynamicReferentialContainmentRelationship</ClassName>
		<Id>{420C3847-0B15-C01C-B3A6-679C5FF00000}</Id>
		<ObjectStoreId>{CE073DB4-F6A1-4AC4-A377-39A4CD2E8AA3}</ObjectStoreId>
	</Object>
	<Object>
		<Name>CmAcmCASE_DEFAULT_PAGE</Name>
		<ClassName>DynamicReferentialContainmentRelationship</ClassName>
		<Id>{9B177F37-68FB-CD2C-B615-679C5FF00001}</Id>
		<ObjectStoreId>{CE073DB4-F6A1-4AC4-A377-39A4CD2E8AA3}</ObjectStoreId>
	</Object>
	<Object>
		<Name>Solution Definition</Name>
		<ClassName>Document</ClassName>
		<Id>{0A6C5518-109D-CA4F-8710-67C1A0400000}</Id>
		<ObjectStoreId>{CE073DB4-F6A1-4AC4-A377-39A4CD2E8AA3}</ObjectStoreId>
	</Object>
	<Object>
		<Name>Solution Definition</Name>
		<ClassName>DynamicReferentialContainmentRelationship</ClassName>
		<Id>{00AD2822-8E84-CBA8-ACB8-679C5FF00000}</Id>
		<ObjectStoreId>{CE073DB4-F6A1-4AC4-A377-39A4CD2E8AA3}</ObjectStoreId>
	</Object>
	<Object>
		<Name>CmAcmCASE_NEW_DEFAULT_PAGE</Name>
		<ClassName>CmAcmPage</ClassName>
		<Id>{5D65C1C4-019F-CA84-851A-679C74200000}</Id>
		<ObjectStoreId>{CE073DB4-F6A1-4AC4-A377-39A4CD2E8AA3}</ObjectStoreId>
	</Object>
	<Object>
		<Name>CmAcmCASE_NEW_DEFAULT_PAGE</Name>
		<ClassName>DynamicReferentialContainmentRelationship</ClassName>
		<Id>{A84C03B1-31C6-CAAA-84E0-679C5FF00002}</Id>
		<ObjectStoreId>{CE073DB4-F6A1-4AC4-A377-39A4CD2E8AA3}</ObjectStoreId>
	</Object>
	<Object>
		<Name>CmAcmCASE_NEW_PAGE</Name>
		<ClassName>CmAcmPage</ClassName>
		<Id>{49DB3D8C-9E93-CDA8-892C-679C5FF00001}</Id>
		<ObjectStoreId>{CE073DB4-F6A1-4AC4-A377-39A4CD2E8AA3}</ObjectStoreId>
	</Object>
	<Object>
		<Name>CmAcmCASE_NEW_PAGE</Name>
		<ClassName>DynamicReferentialContainmentRelationship</ClassName>
		<Id>{DC5E8833-80AD-CB6F-BDD5-679C5FF00001}</Id>
		<ObjectStoreId>{CE073DB4-F6A1-4AC4-A377-39A4CD2E8AA3}</ObjectStoreId>
	</Object>
	<Object>
		<Name></Name>
		<ClassName>CmAcmSolutionLockControl</ClassName>
		<Id>{DE2D6201-7FF5-C787-96A2-679C5FF00000}</Id>
		<ObjectStoreId>{CE073DB4-F6A1-4AC4-A377-39A4CD2E8AA3}</ObjectStoreId>
	</Object>
	<Object>
		<Name>Solution Locks</Name>
		<ClassName>ReferentialContainmentRelationship</ClassName>
		<Id>{3CEFD990-2FAA-C2C1-9ABA-679C5FF00000}</Id>
		<ObjectStoreId>{CE073DB4-F6A1-4AC4-A377-39A4CD2E8AA3}</ObjectStoreId>
	</Object>
	<Object>
		<Name>CmAcmCASE_PAGE</Name>
		<ClassName>CmAcmPage</ClassName>
		<Id>{D5BC075D-DDB4-C6A1-BD2F-679C5FF00000}</Id>
		<ObjectStoreId>{CE073DB4-F6A1-4AC4-A377-39A4CD2E8AA3}</ObjectStoreId>
	</Object>
	<Object>
		<Name>CmAcmCASE_PAGE</Name>
		<ClassName>DynamicReferentialContainmentRelationship</ClassName>
		<Id>{F2331594-440D-C6B1-B004-679C5FF00001}</Id>
		<ObjectStoreId>{CE073DB4-F6A1-4AC4-A377-39A4CD2E8AA3}</ObjectStoreId>
	</Object>
	<Object>
		<Name>CmAcmCASE_SPLIT_DEFAULT_PAGE</Name>
		<ClassName>CmAcmPage</ClassName>
		<Id>{1CB6CAAB-AD12-C4A2-9719-679C5FF00001}</Id>
		<ObjectStoreId>{CE073DB4-F6A1-4AC4-A377-39A4CD2E8AA3}</ObjectStoreId>
	</Object>
	<Object>
		<Name>CmAcmCASE_SPLIT_DEFAULT_PAGE</Name>
		<ClassName>DynamicReferentialContainmentRelationship</ClassName>
		<Id>{76B2802D-A0E6-CBB2-8898-679C5FF00002}</Id>
		<ObjectStoreId>{CE073DB4-F6A1-4AC4-A377-39A4CD2E8AA3}</ObjectStoreId>
	</Object>
	<Object>
		<Name>Solution Workflow Collection</Name>
		<ClassName>WorkflowDefinition</ClassName>
		<Id>{43428693-8565-C5D3-9334-679C6FC00000}</Id>
		<ObjectStoreId>{CE073DB4-F6A1-4AC4-A377-39A4CD2E8AA3}</ObjectStoreId>
	</Object>
	<Object>
		<Name>Solution Workflow Collection</Name>
		<ClassName>DynamicReferentialContainmentRelationship</ClassName>
		<Id>{6598040C-E531-CDFC-B6E1-679C5FF00000}</Id>
		<ObjectStoreId>{CE073DB4-F6A1-4AC4-A377-39A4CD2E8AA3}</ObjectStoreId>
	</Object>
	<Object>
		<Name>CmAcmCASES_DEFAULT_PAGE</Name>
		<ClassName>CmAcmPage</ClassName>
		<Id>{E8AD637B-AAF3-C23B-A5A9-679C5FF00001}</Id>
		<ObjectStoreId>{CE073DB4-F6A1-4AC4-A377-39A4CD2E8AA3}</ObjectStoreId>
	</Object>
	<Object>
		<Name>CmAcmCASES_DEFAULT_PAGE</Name>
		<ClassName>DynamicReferentialContainmentRelationship</ClassName>
		<Id>{9C81CC57-248A-C1BE-9B60-679C5FF00002}</Id>
		<ObjectStoreId>{CE073DB4-F6A1-4AC4-A377-39A4CD2E8AA3}</ObjectStoreId>
	</Object>
	<Object>
		<Name></Name>
		<ClassName>CmAcmDraftArea</ClassName>
		<Id>{B64FD07B-D1AE-CAA7-A651-679C5FF00000}</Id>
		<ObjectStoreId>{CE073DB4-F6A1-4AC4-A377-39A4CD2E8AA3}</ObjectStoreId>
	</Object>
	<Object>
		<Name>CmAcmSTEP_ATTACHMENT_PAGE</Name>
		<ClassName>CmAcmPage</ClassName>
		<Id>{07E7F635-140F-CA08-ACB3-679C5FF00001}</Id>
		<ObjectStoreId>{CE073DB4-F6A1-4AC4-A377-39A4CD2E8AA3}</ObjectStoreId>
	</Object>
	<Object>
		<Name>Solution Workflow Collection_Draft</Name>
		<ClassName>ReferentialContainmentRelationship</ClassName>
		<Id>{FB224FD6-A7C4-C747-AB1F-679C5FF00000}</Id>
		<ObjectStoreId>{CE073DB4-F6A1-4AC4-A377-39A4CD2E8AA3}</ObjectStoreId>
	</Object>
	<Object>
		<Name>CmAcmSTEP_ATTACHMENT_PAGE</Name>
		<ClassName>DynamicReferentialContainmentRelationship</ClassName>
		<Id>{4CF381CA-0EB0-C19D-A1EA-679C5FF00002}</Id>
		<ObjectStoreId>{CE073DB4-F6A1-4AC4-A377-39A4CD2E8AA3}</ObjectStoreId>
	</Object>
	<Object>
		<Name>Hiring Process Workflow Definition</Name>
		<ClassName>WorkflowDefinition</ClassName>
		<Id>{A90FD05D-34A2-C694-999B-67E010500000}</Id>
		<ObjectStoreId>{CE073DB4-F6A1-4AC4-A377-39A4CD2E8AA3}</ObjectStoreId>
	</Object>
	<Object>
		<Name>Work Details</Name>
		<ClassName>CmAcmPage</ClassName>
		<Id>{D66CAC5B-4491-C5C1-858D-67E4BFC00000}</Id>
		<ObjectStoreId>{CE073DB4-F6A1-4AC4-A377-39A4CD2E8AA3}</ObjectStoreId>
	</Object>
	<Object>
		<Name>THP_HiringProcess</Name>
		<ClassName>DynamicReferentialContainmentRelationship</ClassName>
		<Id>{4E314C2E-2E35-C137-8878-679C67200000}</Id>
		<ObjectStoreId>{CE073DB4-F6A1-4AC4-A377-39A4CD2E8AA3}</ObjectStoreId>
	</Object>
	<Object>
		<Name>CmAcmSTEP_DEFAULT_PAGE</Name>
		<ClassName>DynamicReferentialContainmentRelationship</ClassName>
		<Id>{49FFB523-464D-C1AC-8E6E-679C5FF00002}</Id>
		<ObjectStoreId>{CE073DB4-F6A1-4AC4-A377-39A4CD2E8AA3}</ObjectStoreId>
	</Object>
	<Object>
		<Name></Name>
		<ClassName>CmAcmDraftArea</ClassName>
		<Id>{B48CA218-62DC-CC1E-8C15-679C67200000}</Id>
		<ObjectStoreId>{CE073DB4-F6A1-4AC4-A377-39A4CD2E8AA3}</ObjectStoreId>
	</Object>
	<Object>
		<Name>CmAcmSTEP_DYNAMIC_DEFAULT_PAGE</Name>
		<ClassName>CmAcmPage</ClassName>
		<Id>{750EF4FE-E10E-C684-8CB5-679C5FF00001}</Id>
		<ObjectStoreId>{CE073DB4-F6A1-4AC4-A377-39A4CD2E8AA3}</ObjectStoreId>
	</Object>
	<Object>
		<Name>THP_HiringProcess_Draft</Name>
		<ClassName>ReferentialContainmentRelationship</ClassName>
		<Id>{8D41AF15-4E64-CB71-90A3-679C67200000}</Id>
		<ObjectStoreId>{CE073DB4-F6A1-4AC4-A377-39A4CD2E8AA3}</ObjectStoreId>
	</Object>
	<Object>
		<Name>CmAcmSTEP_DYNAMIC_DEFAULT_PAGE</Name>
		<ClassName>DynamicReferentialContainmentRelationship</ClassName>
		<Id>{6186B9A6-B676-CE97-8073-679C5FF00002}</Id>
		<ObjectStoreId>{CE073DB4-F6A1-4AC4-A377-39A4CD2E8AA3}</ObjectStoreId>
	</Object>
	<Object>
		<Name>CmAcmSTEP_LAUNCH_DEFAULT_PAGE</Name>
		<ClassName>CmAcmPage</ClassName>
		<Id>{98AC1191-2D31-C3A9-A331-679C5FF00001}</Id>
		<ObjectStoreId>{CE073DB4-F6A1-4AC4-A377-39A4CD2E8AA3}</ObjectStoreId>
	</Object>
	<Object>
		<Name>CmAcmSTEP_LAUNCH_DEFAULT_PAGE</Name>
		<ClassName>DynamicReferentialContainmentRelationship</ClassName>
		<Id>{6A1FD261-BD1C-CB46-956D-679C5FF00002}</Id>
		<ObjectStoreId>{CE073DB4-F6A1-4AC4-A377-39A4CD2E8AA3}</ObjectStoreId>
	</Object>
	<Object>
		<Name>CmAcmSTEP_LAUNCH_PAGE</Name>
		<ClassName>CmAcmPage</ClassName>
		<Id>{301AFC7B-5A7D-C826-A808-679C5FF00001}</Id>
		<ObjectStoreId>{CE073DB4-F6A1-4AC4-A377-39A4CD2E8AA3}</ObjectStoreId>
	</Object>
	<Object>
		<Name>CmAcmSTEP_LAUNCH_PAGE</Name>
		<ClassName>DynamicReferentialContainmentRelationship</ClassName>
		<Id>{9543239E-01C0-C900-9F86-679C5FF00002}</Id>
		<ObjectStoreId>{CE073DB4-F6A1-4AC4-A377-39A4CD2E8AA3}</ObjectStoreId>
	</Object>
	<Object>
		<Name>CmAcmSTEP_PAGE</Name>
		<ClassName>CmAcmPage</ClassName>
		<Id>{39134634-8762-C464-868E-679C5FF00001}</Id>
		<ObjectStoreId>{CE073DB4-F6A1-4AC4-A377-39A4CD2E8AA3}</ObjectStoreId>
	</Object>
	<Object>
		<Name>CmAcmSTEP_PAGE</Name>
		<ClassName>DynamicReferentialContainmentRelationship</ClassName>
		<Id>{DC6F264F-C0F9-C18C-B96C-679C5FF00001}</Id>
		<ObjectStoreId>{CE073DB4-F6A1-4AC4-A377-39A4CD2E8AA3}</ObjectStoreId>
	</Object>
	<Object>
		<Name>CmAcmWORK_DEFAULT_PAGE</Name>
		<ClassName>CmAcmPage</ClassName>
		<Id>{987CB0F9-CF25-CEE7-9D4F-679C5FF00001}</Id>
		<ObjectStoreId>{CE073DB4-F6A1-4AC4-A377-39A4CD2E8AA3}</ObjectStoreId>
	</Object>
	<Object>
		<Name>CmAcmWORK_DEFAULT_PAGE</Name>
		<ClassName>DynamicReferentialContainmentRelationship</ClassName>
		<Id>{243DA06F-0E0A-CA8A-9192-679C5FF00002}</Id>
		<ObjectStoreId>{CE073DB4-F6A1-4AC4-A377-39A4CD2E8AA3}</ObjectStoreId>
	</Object>
	<Object>
		<Name>THP_HiringProcess</Name>
		<ClassName>Folder</ClassName>
		<Id>{6DEED59C-2D94-C1A6-8A43-679C6DF00000}</Id>
		<ObjectStoreId>{CE073DB4-F6A1-4AC4-A377-39A4CD2E8AA3}</ObjectStoreId>
	</Object>
	<Object>
		<Name>Applicant Form</Name>
		<ClassName>CmAcmView</ClassName>
		<Id>{72D0EF5E-69A6-C6A3-8F8B-679C6DF00000}</Id>
		<ObjectStoreId>{CE073DB4-F6A1-4AC4-A377-39A4CD2E8AA3}</ObjectStoreId>
	</Object>
	<Object>
		<Name>Applicant Form</Name>
		<ClassName>DynamicReferentialContainmentRelationship</ClassName>
		<Id>{9BF66D98-B2D3-CE1A-9074-679C6DF00000}</Id>
		<ObjectStoreId>{CE073DB4-F6A1-4AC4-A377-39A4CD2E8AA3}</ObjectStoreId>
	</Object>
</ExportObjectList>
